{
    "3ffdc82a-132f-48d9-9d30-3e1053b04a1e": {
        "name": "Booking",
        "description": "this is description",
        "relationships": [
            {
                "related": [
                    "bdc9a05c-82d2-49e3-9f9c-72fb1464e0da",
                    "f925b009-5a77-4e76-a95a-04574067ccfd"
                ]
            },
            {
                "nodes": [
                    "e2246980-3997-48c7-81a1-9c11a41650e8",
                    "82aa9d23-4db4-4b85-bc51-5fb950662b11",
                    "6146b343-c49c-467a-94ad-6f4c3907c881",
                    "5f07a9d4-b18c-40fe-b3d7-02e032ce4f54",
                    "ba2ea60c-54b0-4994-9b8a-0fba49122873"
                ]
            }
        ]
    },
    "bdc9a05c-82d2-49e3-9f9c-72fb1464e0da": {
        "name": "Revenue",
        "description": "this is description",
        "relationships": [
            {
                "nodes": [
                    "e2246980-3997-48c7-81a1-9c11a41650e8",
                    "82aa9d23-4db4-4b85-bc51-5fb950662b11",
                    "6146b343-c49c-467a-94ad-6f4c3907c881",
                    "5f07a9d4-b18c-40fe-b3d7-02e032ce4f54",
                    "ba2ea60c-54b0-4994-9b8a-0fba49122873"
                ]
            },
            {
                "related": [
                    "3ffdc82a-132f-48d9-9d30-3e1053b04a1e",
                    "4f7d020a-4acf-4865-9008-dbf01cc77a7f",
                    "82aa9d23-4db4-4b85-bc51-5fb950662b11"
                ]
            }
        ]
    },
    "f925b009-5a77-4e76-a95a-04574067ccfd": {
        "name": "Total Sales",
        "description": "this is description",
        "relationships": []
    },
    "e2246980-3997-48c7-81a1-9c11a41650e8": {
        "name": "Subscriptions",
        "description": "this is description",
        "relationships": []
    },
    "82aa9d23-4db4-4b85-bc51-5fb950662b11": {
        "name": "Variable Revenue",
        "description": "this is description",
        "relationships": []
    },
    "6146b343-c49c-467a-94ad-6f4c3907c881": {
        "name": "Professional Services",
        "description": "this is description",
        "relationships": []
    },
    "5f07a9d4-b18c-40fe-b3d7-02e032ce4f54": {
        "name": "Managed Services",
        "description": "this is description",
        "relationships": []
    },
    "ba2ea60c-54b0-4994-9b8a-0fba49122873": {
        "name": "Hardware",
        "description": "this is description",
        "relationships": []
    },
    "4f7d020a-4acf-4865-9008-dbf01cc77a7f": {
        "name": "P&L",
        "description": "this is description",
        "relationships": [
            {
                "related": [
                    "9840fc62-30c1-427f-bec8-f632ba072b7d",
                    "3e00602f-7884-4a3d-ac24-375d9606cda2",
                    "bdc9a05c-82d2-49e3-9f9c-72fb1464e0da",
                    "91338010-dd30-49c8-9c14-d47196ec16a9"
                ]
            },
            {
                "nodes": [
                    "3ffdc82a-132f-48d9-9d30-3e1053b04a1e",
                    "bdc9a05c-82d2-49e3-9f9c-72fb1464e0da",
                    "37716629-b7ba-4d19-8de2-3e1292f97912",
                    "91338010-dd30-49c8-9c14-d47196ec16a9",
                    "f713c268-214b-4af0-9b84-83db2ab461d6",
                    "487e8c65-51c7-4283-a23d-3fe91a65e478",
                    "f24a6404-a17f-42cd-afcc-2952bc26cb59",
                    "83872e3e-a5ce-4ea5-b3e8-225d697d8e4b"
                ]
            }
        ]
    },
    "9840fc62-30c1-427f-bec8-f632ba072b7d": {
        "name": "BS",
        "description": "this is description",
        "relationships": [
            {
                "related": [
                    "3e00602f-7884-4a3d-ac24-375d9606cda2",
                    "4f7d020a-4acf-4865-9008-dbf01cc77a7f"
                ]
            }
        ]
    },
    "3e00602f-7884-4a3d-ac24-375d9606cda2": {
        "name": "COA",
        "description": "this is description",
        "relationships": [
            {
                "related": [
                    "9840fc62-30c1-427f-bec8-f632ba072b7d",
                    "d8db37c1-8ddb-453e-b4d3-928b4fc1a5b6"
                ]
            },
            {
                "nodes": [
                    "b953ebe7-c327-4e27-954b-5ee36f4180b4",
                    "5bd403b9-1249-4ebd-8649-bf8e888e7c45",
                    "6cbe8fcc-521e-41ad-9b5c-0324dd58be7a",
                    "161c85ea-e946-4b1e-a468-3622d02314e4",
                    "3dcfc922-3fb4-41f7-b050-df6fa1fdda2c",
                    "741874e3-863b-47ec-b982-6fa6cf78135f",
                    "af5bd04e-b777-432e-9b6b-0afefd56252d",
                    "1e2ff440-3303-42e7-8748-8ac01dfab54d",
                    "687eb22b-529c-4c3a-81b4-8d40f0174903",
                    "79e118ed-6843-4fee-b995-87a159e4e441",
                    "869416fd-02b2-47e0-a250-b3319aad5fbd",
                    "270ffef6-b071-4be8-9381-c96ae7e29379",
                    "09dfea68-77f4-4e06-97fd-bdd4877bc5fa",
                    "4b1a7bf7-d744-4bb9-bc2e-5274ce4a05e3",
                    "43cdb6aa-c5fa-4800-9a5c-406d8549111e",
                    "1c3b7626-3e57-4140-8eb4-c65c2df68523",
                    "eb350781-2099-483a-80d2-4fb2b4dcf529",
                    "37d8fac4-ab4c-4b95-8695-a79541494a07",
                    "012dbf0e-880a-4878-a138-c8b3f666a9b0",
                    "c2a5d3a5-8000-4b15-8547-4300cc9371e5",
                    "ad8d50b6-34be-48e2-9b8c-1734d6cd8f66",
                    "d9fa0334-5766-4071-95d8-53da84c3ffac",
                    "f24a6404-a17f-42cd-afcc-2952bc26cb59",
                    "de06feaa-1be4-400e-b134-68e76931d369",
                    "8cc95d37-0131-448b-946e-22d9eaa91288",
                    "20d974fe-3d8c-450c-9598-2ddc41823d59",
                    "3f481399-1695-45f5-b317-9c8388a172f5",
                    "d958a792-febd-4789-95c9-3d52c7883e12",
                    "4ec5f212-11dd-4db8-a537-b380fb85cf34",
                    "9766dc7b-63a8-4e6e-8435-c4bda1eea6d0",
                    "336b0ab5-9ffa-4345-9593-85e7194854c3",
                    "5de7ca89-fb14-4b4e-a28a-a1c1bbcf9b4b",
                    "55131bd4-0f6b-417e-a549-902afebb3433",
                    "adbbec02-e2c3-40db-ad16-3dcec319892c",
                    "f2a39c1f-dff7-4271-9f94-7efe8464992c",
                    "3b436749-f845-4384-a426-ab216a78ea51",
                    "04afa4d5-58b4-42f9-ae0a-a96e6ce89ed6",
                    "6e5c84c1-e3b6-4d41-a575-1dad728b38b6",
                    "839e5410-39a8-42ac-9630-3362660040bb",
                    "b2218add-4db3-4a25-a36e-000f5f4a1a41",
                    "13a9a14f-9ec0-4d2d-a0d4-3eed915e1137",
                    "0d0357ba-9127-4172-91a5-0309b771f5f6",
                    "e43eb5cb-5fe4-4f2b-afe3-a7d54a58096b",
                    "5bc755ce-654c-4fef-ad19-b0487ddcaae2",
                    "4c77ff1b-2cfa-4916-ba57-777f0b307b24",
                    "28d3e2c8-6fd0-4f43-bd5d-4e6324adfbb9",
                    "e9a651f2-5313-4355-956f-c77de3e58757",
                    "d7c90073-e16a-40af-92e8-03b6af2a1f40",
                    "f289d640-16f6-4c74-85f3-518b326a7d44",
                    "16428dbc-c1a1-447c-9798-e8f77d309671",
                    "6eeb36a7-8442-4477-9437-c4e703c269c3",
                    "2ec065d1-2519-44ac-8b39-b12654b26368",
                    "cadeb5a6-a368-4f5a-b4b0-09a0661946e9",
                    "3a23ab2f-30fd-4872-9e87-d0a7385d5422",
                    "73b70fff-75b5-4927-8f10-10d7db69b34c",
                    "2036a016-9ec8-403d-8c8e-3298887d8878",
                    "88110eea-294f-4d99-937b-9967d9a7c9da",
                    "9dd7ecbf-f4c3-4a7f-9c96-15623d2bfc5f",
                    "f52ff9f6-f90a-4397-800a-de3a1586a9ce",
                    "e088d022-2ce2-4122-be0c-a83d88267787",
                    "9467acd5-3fca-4e2c-a106-1fed3885d4ea",
                    "7e02eb8b-3c0d-4e64-a7fd-c27246bb3932",
                    "b2913471-4a95-4f54-be40-c018add43bcf",
                    "1578128b-8161-41e6-981e-ac881484def9",
                    "c0bdaee1-cd45-43a4-a75c-00a46a24838d",
                    "307473ec-e557-41e4-88d5-30bf84348db6",
                    "351f994f-016b-4f30-8f64-4c5ec9be5a96",
                    "83d329b7-bead-47e7-863f-02a8a8565603",
                    "80654670-99b9-4c39-bf81-4b9b5c8e69d7",
                    "2b5e1421-0abf-4730-acc0-7a6b461f82a2",
                    "df50a2f2-e40b-49fc-9ba6-d9ebc54c5978"
                ]
            }
        ]
    },
    "91338010-dd30-49c8-9c14-d47196ec16a9": {
        "name": "Total Operating Expenses",
        "description": "this is description",
        "relationships": [
            {
                "related": [
                    "4f7d020a-4acf-4865-9008-dbf01cc77a7f",
                    "65f98850-108c-4064-9064-4e57217e07a7",
                    "9c1f6516-90a5-4g85-adee-800e432b24f9"
                ]
            },
            {
                "nodes": [
                    "2cdd5fe6-8528-4285-ba16-a9c62136371c",
                    "f925b009-5a77-4e76-a95a-04574067ccfd",
                    "f25a7972-d278-4cb5-9529-d9bbaea8e1da",
                    "81d89865-2c00-45b7-9b94-b13b23e3223a"
                ]
            }
        ]
    },
    "37716629-b7ba-4d19-8de2-3e1292f97912": {
        "name": "COGS",
        "description": "this is description",
        "relationships": [
            {
                "related": [
                    "37716629-b7ba-4d19-8de2-3e1292f97912",
                    "4f7d020a-4acf-4865-9008-dbf01cc77a7f",
                    "71f9a897-fe86-45dc-82d3-30069e8a5ff9"
                ]
            },
            {
                "nodes": [
                    "3f8b5d02-d45e-4845-905b-cb73407ec09f",
                    "1ab520f4-1fa8-4c27-9709-cfa337d4b757",
                    "2463a947-137c-4822-92a3-f8d69403280c",
                    "6146b343-c49c-467a-94ad-6f4c3907c881",
                    "ba2ea60c-54b0-4994-9b8a-0fba49122873",
                    "0f245916-ee06-4f7b-b20b-75d64794b6b5"
                ]
            }
        ]
    },
    "f713c268-214b-4af0-9b84-83db2ab461d6": {
        "name": "EBIT",
        "description": "this is description",
        "relationships": []
    },
    "487e8c65-51c7-4283-a23d-3fe91a65e478": {
        "name": "Other Income/Expense",
        "description": "this is description",
        "relationships": []
    },
    "f24a6404-a17f-42cd-afcc-2952bc26cb59": {
        "name": "3080 - Net Income",
        "description": "this is description",
        "relationships": []
    },
    "83872e3e-a5ce-4ea5-b3e8-225d697d8e4b": {
        "name": "EBITDA",
        "description": "this is description",
        "relationships": []
    },
    "71f9a897-fe86-45dc-82d3-30069e8a5ff9": {
        "name": "Product",
        "description": "this is description",
        "relationships": [
            {
                "nodes": [
                    "353e9a8d-77f0-47f6-bdd3-edce64b1c049",
                    "39adb1b4-f2e7-47ba-be37-619f0925ff7d",
                    "c7584888-8368-421c-a98a-c8a12dce2d98"
                ]
            }
        ]
    },
    "3f8b5d02-d45e-4845-905b-cb73407ec09f": {
        "name": "Technical Support",
        "description": "this is description",
        "relationships": []
    },
    "1ab520f4-1fa8-4c27-9709-cfa337d4b757": {
        "name": "Customer Success",
        "description": "this is description",
        "relationships": []
    },
    "2463a947-137c-4822-92a3-f8d69403280c": {
        "name": "Variable",
        "description": "this is description",
        "relationships": [
            {
                "nodes": [
                    "5fb979d1-ef88-4f7d-b0cc-2f66ff2c3edd",
                    "82aa9d23-4db4-4b85-bc51-5fb950662b11"
                ]
            }
        ]
    },
    "0f245916-ee06-4f7b-b20b-75d64794b6b5": {
        "name": "Dev Ops",
        "description": "this is description",
        "relationships": []
    },
    "353e9a8d-77f0-47f6-bdd3-edce64b1c049": {
        "name": "Product Line 1",
        "description": "this is description",
        "relationships": []
    },
    "39adb1b4-f2e7-47ba-be37-619f0925ff7d": {
        "name": "Product Line 2",
        "description": "this is description",
        "relationships": []
    },
    "c7584888-8368-421c-a98a-c8a12dce2d98": {
        "name": "Product Line 3",
        "description": "this is description",
        "relationships": []
    },
    "5fb979d1-ef88-4f7d-b0cc-2f66ff2c3edd": {
        "name": "Variable Cost ($)",
        "description": "this is description",
        "relationships": []
    },
    "d8db37c1-8ddb-453e-b4d3-928b4fc1a5b6": {
        "name": "Accounting Method",
        "description": "this is description",
        "relationships": [
            {
                "nodes": [
                    "92b0db53-5945-4f1f-abdc-1d794b342e6f",
                    "6ad80d2d-9bdf-4d40-bf24-67541bcb6d64"
                ]
            }
        ]
    },
    "b953ebe7-c327-4e27-954b-5ee36f4180b4": {
        "name": "1100 - Cash in Bank",
        "description": "this is description",
        "relationships": []
    },
    "5bd403b9-1249-4ebd-8649-bf8e888e7c45": {
        "name": "1201 - Undeposited Funds",
        "description": "this is description",
        "relationships": []
    },
    "6cbe8fcc-521e-41ad-9b5c-0324dd58be7a": {
        "name": "1202 - Accounts Receivables (AR)",
        "description": "this is description",
        "relationships": []
    },
    "161c85ea-e946-4b1e-a468-3622d02314e4": {
        "name": "1203 - Prepaid",
        "description": "this is description",
        "relationships": []
    },
    "3dcfc922-3fb4-41f7-b050-df6fa1fdda2c": {
        "name": "1250 - Inventory",
        "description": "this is description",
        "relationships": []
    },
    "741874e3-863b-47ec-b982-6fa6cf78135f": {
        "name": "1400 - Term Assets",
        "description": "this is description",
        "relationships": []
    },
    "af5bd04e-b777-432e-9b6b-0afefd56252d": {
        "name": "1499 - Other Current Assets",
        "description": "this is description",
        "relationships": []
    },
    "1e2ff440-3303-42e7-8748-8ac01dfab54d": {
        "name": "1510 - Fixed Assets (Including Depreciation)",
        "description": "this is description",
        "relationships": []
    },
    "687eb22b-529c-4c3a-81b4-8d40f0174903": {
        "name": "1520 - Other Long Term Assets",
        "description": "this is description",
        "relationships": []
    },
    "79e118ed-6843-4fee-b995-87a159e4e441": {
        "name": "2100 - Current Liabilities",
        "description": "this is description",
        "relationships": []
    },
    "869416fd-02b2-47e0-a250-b3319aad5fbd": {
        "name": "2101 - Accrual",
        "description": "this is description",
        "relationships": []
    },
    "270ffef6-b071-4be8-9381-c96ae7e29379": {
        "name": "2102 - Deferred",
        "description": "this is description",
        "relationships": []
    },
    "09dfea68-77f4-4e06-97fd-bdd4877bc5fa": {
        "name": "2110 - Accounts Payable (AP)",
        "description": "this is description",
        "relationships": []
    },
    "4b1a7bf7-d744-4bb9-bc2e-5274ce4a05e3": {
        "name": "2110 - Credit Card",
        "description": "this is description",
        "relationships": []
    },
    "43cdb6aa-c5fa-4800-9a5c-406d8549111e": {
        "name": "2150 - Customer Deposit",
        "description": "this is description",
        "relationships": []
    },
    "1c3b7626-3e57-4140-8eb4-c65c2df68523": {
        "name": "2201 - Short Term Notes",
        "description": "this is description",
        "relationships": []
    },
    "eb350781-2099-483a-80d2-4fb2b4dcf529": {
        "name": "2210 - Interest on ST Notes",
        "description": "this is description",
        "relationships": []
    },
    "37d8fac4-ab4c-4b95-8695-a79541494a07": {
        "name": "2499 - Other Current Liabilities",
        "description": "this is description",
        "relationships": []
    },
    "012dbf0e-880a-4878-a138-c8b3f666a9b0": {
        "name": "2500 - Long Term Liabilities",
        "description": "this is description",
        "relationships": []
    },
    "c2a5d3a5-8000-4b15-8547-4300cc9371e5": {
        "name": "3010 - Distribution",
        "description": "this is description",
        "relationships": []
    },
    "ad8d50b6-34be-48e2-9b8c-1734d6cd8f66": {
        "name": "3020 - Paid In Capital",
        "description": "this is description",
        "relationships": []
    },
    "d9fa0334-5766-4071-95d8-53da84c3ffac": {
        "name": "3050 - Other Equity - Generic",
        "description": "this is description",
        "relationships": []
    },
    "de06feaa-1be4-400e-b134-68e76931d369": {
        "name": "3090 - Retained Earnings",
        "description": "this is description",
        "relationships": []
    },
    "8cc95d37-0131-448b-946e-22d9eaa91288": {
        "name": "4010 - Product Line 1",
        "description": "this is description",
        "relationships": []
    },
    "20d974fe-3d8c-450c-9598-2ddc41823d59": {
        "name": "4020 - Product Line 2",
        "description": "this is description",
        "relationships": []
    },
    "3f481399-1695-45f5-b317-9c8388a172f5": {
        "name": "4030 - Product Line 3",
        "description": "this is description",
        "relationships": []
    },
    "d958a792-febd-4789-95c9-3d52c7883e12": {
        "name": "4040 - Product Line 4",
        "description": "this is description",
        "relationships": []
    },
    "4ec5f212-11dd-4db8-a537-b380fb85cf34": {
        "name": "4900 - Other Revenue",
        "description": "this is description",
        "relationships": []
    },
    "9766dc7b-63a8-4e6e-8435-c4bda1eea6d0": {
        "name": "4999 - Uncategorized Income",
        "description": "this is description",
        "relationships": []
    },
    "336b0ab5-9ffa-4345-9593-85e7194854c3": {
        "name": "5100 - Employee Cost COGS (W2s)",
        "description": "this is description",
        "relationships": []
    },
    "5de7ca89-fb14-4b4e-a28a-a1c1bbcf9b4b": {
        "name": "5200 - Contractors COGS (1099s)",
        "description": "this is description",
        "relationships": []
    },
    "55131bd4-0f6b-417e-a549-902afebb3433": {
        "name": "5300 - Travel COGS",
        "description": "this is description",
        "relationships": []
    },
    "adbbec02-e2c3-40db-ad16-3dcec319892c": {
        "name": "5400 - Direct COGS - Generic",
        "description": "this is description",
        "relationships": []
    },
    "f2a39c1f-dff7-4271-9f94-7efe8464992c": {
        "name": "5410 - Product Line 1 Direct COGS",
        "description": "this is description",
        "relationships": []
    },
    "3b436749-f845-4384-a426-ab216a78ea51": {
        "name": "5420 - Product Line 2 Direct COGS",
        "description": "this is description",
        "relationships": []
    },
    "04afa4d5-58b4-42f9-ae0a-a96e6ce89ed6": {
        "name": "5430 - Product Line 3 Direct COGS",
        "description": "this is description",
        "relationships": []
    },
    "6e5c84c1-e3b6-4d41-a575-1dad728b38b6": {
        "name": "5600 - Infrastructure Technology (Hosting & Other Subscriptions)",
        "description": "this is description",
        "relationships": []
    },
    "839e5410-39a8-42ac-9630-3362660040bb": {
        "name": "5700 - Merchant Fees",
        "description": "this is description",
        "relationships": []
    },
    "b2218add-4db3-4a25-a36e-000f5f4a1a41": {
        "name": "5980 - Depreciation (COGS)",
        "description": "this is description",
        "relationships": []
    },
    "13a9a14f-9ec0-4d2d-a0d4-3eed915e1137": {
        "name": "5900 - Other COGS",
        "description": "this is description",
        "relationships": []
    },
    "0d0357ba-9127-4172-91a5-0309b771f5f6": {
        "name": "6100 - Employee Cost OPEX (W2s) - Generic",
        "description": "this is description",
        "relationships": []
    },
    "e43eb5cb-5fe4-4f2b-afe3-a7d54a58096b": {
        "name": "6120 - Employee Cost OPEX (W2s) - S&M",
        "description": "this is description",
        "relationships": []
    },
    "5bc755ce-654c-4fef-ad19-b0487ddcaae2": {
        "name": "6130 - Employee Cost OPEX (W2s) - R&D",
        "description": "this is description",
        "relationships": []
    },
    "4c77ff1b-2cfa-4916-ba57-777f0b307b24": {
        "name": "6160 - Employee Cost OPEX (W2s) - G&A",
        "description": "this is description",
        "relationships": []
    },
    "28d3e2c8-6fd0-4f43-bd5d-4e6324adfbb9": {
        "name": "6200 - Professional Services (1099s) - Generic",
        "description": "this is description",
        "relationships": []
    },
    "e9a651f2-5313-4355-956f-c77de3e58757": {
        "name": "6220 - Professional Services (1099s) - S&M",
        "description": "this is description",
        "relationships": []
    },
    "d7c90073-e16a-40af-92e8-03b6af2a1f40": {
        "name": "6230 - Professional Services (1099s) - R&D",
        "description": "this is description",
        "relationships": []
    },
    "f289d640-16f6-4c74-85f3-518b326a7d44": {
        "name": "6260 - Professional Services (1099s) - G&A (other than Legal)",
        "description": "this is description",
        "relationships": []
    },
    "16428dbc-c1a1-447c-9798-e8f77d309671": {
        "name": "6300 - Travel & Entertainment - Generic",
        "description": "this is description",
        "relationships": []
    },
    "6eeb36a7-8442-4477-9437-c4e703c269c3": {
        "name": "6320 - Travel & Entertainment - S&M",
        "description": "this is description",
        "relationships": []
    },
    "2ec065d1-2519-44ac-8b39-b12654b26368": {
        "name": "6330 - Travel & Entertainment - R&D",
        "description": "this is description",
        "relationships": []
    },
    "cadeb5a6-a368-4f5a-b4b0-09a0661946e9": {
        "name": "6360 - Travel & Entertainment - G&A",
        "description": "this is description",
        "relationships": []
    },
    "3a23ab2f-30fd-4872-9e87-d0a7385d5422": {
        "name": "6400 - Marketing - Generic (Non People Cost)",
        "description": "this is description",
        "relationships": []
    },
    "73b70fff-75b5-4927-8f10-10d7db69b34c": {
        "name": "6410 - Marketing (Non Staff Expenses, e.g. Agencies)",
        "description": "this is description",
        "relationships": []
    },
    "2036a016-9ec8-403d-8c8e-3298887d8878": {
        "name": "6420 - Advertising (e.g. Paid Ad Traffic)",
        "description": "this is description",
        "relationships": []
    },
    "88110eea-294f-4d99-937b-9967d9a7c9da": {
        "name": "6600 - Technology Infrastructure OPEX",
        "description": "this is description",
        "relationships": []
    },
    "9dd7ecbf-f4c3-4a7f-9c96-15623d2bfc5f": {
        "name": "6700 - Legal (Including General Counsel, IP & Trademarks, Acquisition)",
        "description": "this is description",
        "relationships": []
    },
    "f52ff9f6-f90a-4397-800a-de3a1586a9ce": {
        "name": "6800 - Occupancy Expense",
        "description": "this is description",
        "relationships": []
    },
    "e088d022-2ce2-4122-be0c-a83d88267787": {
        "name": "6870 - Bank fees & charges",
        "description": "this is description",
        "relationships": []
    },
    "9467acd5-3fca-4e2c-a106-1fed3885d4ea": {
        "name": "6990 - Depreciation (OPEX)",
        "description": "this is description",
        "relationships": []
    },
    "7e02eb8b-3c0d-4e64-a7fd-c27246bb3932": {
        "name": "6900 - Other G&A",
        "description": "this is description",
        "relationships": []
    },
    "b2913471-4a95-4f54-be40-c018add43bcf": {
        "name": "7810 - Interest Income",
        "description": "this is description",
        "relationships": []
    },
    "1578128b-8161-41e6-981e-ac881484def9": {
        "name": "7820 - Grants",
        "description": "this is description",
        "relationships": []
    },
    "c0bdaee1-cd45-43a4-a75c-00a46a24838d": {
        "name": "7900 - Other Non Op Income",
        "description": "this is description",
        "relationships": []
    },
    "307473ec-e557-41e4-88d5-30bf84348db6": {
        "name": "8910 - Interest Expense",
        "description": "this is description",
        "relationships": []
    },
    "351f994f-016b-4f30-8f64-4c5ec9be5a96": {
        "name": "8920 - Depreciation",
        "description": "this is description",
        "relationships": []
    },
    "83d329b7-bead-47e7-863f-02a8a8565603": {
        "name": "8970 - Startup Cost",
        "description": "this is description",
        "relationships": []
    },
    "80654670-99b9-4c39-bf81-4b9b5c8e69d7": {
        "name": "8990 - Other Non Op Expense",
        "description": "this is description",
        "relationships": []
    },
    "2b5e1421-0abf-4730-acc0-7a6b461f82a2": {
        "name": "9000 - Corporate Tax",
        "description": "this is description",
        "relationships": []
    },
    "df50a2f2-e40b-49fc-9ba6-d9ebc54c5978": {
        "name": "Control Total - Net Income ($)",
        "description": "this is description",
        "relationships": []
    },
    "65f98850-108c-4064-9064-4e57217e07a7": {
        "name": "Expense Split",
        "description": "this is description",
        "relationships": [
            {
                "related": [
                    "91338010-dd30-49c8-9c14-d47196ec16a9",
                    "9c1f6516-90a5-4g85-adee-800e432b24f9"
                ]
            },
            {
                "nodes": [
                    "5f4f1443-96fe-4563-b316-9f918ab6c8cf",
                    "b8d5adc2-7cde-4855-bab4-39e253adb882"
                ]
            }
        ]
    },
    "9c1f6516-90a5-4g85-adee-800e432b24f9": {
        "name": "Budgeting",
        "description": "this is description",
        "relationships": []
    },
    "2cdd5fe6-8528-4285-ba16-a9c62136371c": {
        "name": "Total Research & Development",
        "description": "this is description",
        "relationships": []
    },
    "f25a7972-d278-4cb5-9529-d9bbaea8e1da": {
        "name": "Total Marketing",
        "description": "this is description",
        "relationships": []
    },
    "81d89865-2c00-45b7-9b94-b13b23e3223a": {
        "name": "Total G&A Expense",
        "description": "this is description",
        "relationships": []
    },
    "5f4f1443-96fe-4563-b316-9f918ab6c8cf": {
        "name": "Employee Related",
        "description": "this is description",
        "relationships": []
    },
    "b8d5adc2-7cde-4855-bab4-39e253adb882": {
        "name": "Non Employee Related",
        "description": "this is description",
        "relationships": []
    },
    "146102c9-6933-45e9-b199-6d612b99b1cf": {
        "name": "Expenses",
        "description": "this is description",
        "relationships": [
            {
                "related": [
                    "4f7d020a-4acf-4865-9008-dbf01cc77a7f",
                    "65f98850-108c-4064-9064-4e57217e07a7"
                ]
            },
            {
                "nodes": [
                    "6647031a-859c-4209-a411-b34df3c0ca42",
                    "a70f7968-670f-4b16-a854-3302aca3f3c4",
                    "95fde098-1a9f-4fb4-a1fa-dc34ef8cc47a",
                    "1e2af48c-7050-4766-8c81-69eca691d31c"
                ]
            }
        ]
    },
    "6647031a-859c-4209-a411-b34df3c0ca42": {
        "name": "Wages & Taxes",
        "description": "this is description",
        "relationships": []
    },
    "a70f7968-670f-4b16-a854-3302aca3f3c4": {
        "name": "Travel Expenses",
        "description": "this is description",
        "relationships": []
    },
    "95fde098-1a9f-4fb4-a1fa-dc34ef8cc47a": {
        "name": "Commissions & Bonuses",
        "description": "this is description",
        "relationships": []
    },
    "1e2af48c-7050-4766-8c81-69eca691d31c": {
        "name": "Depreciation & Amortization",
        "description": "this is description",
        "relationships": []
    },
    "e111b2fc-67df-42aa-af00-804af50cf4da": {
        "name": "Personel",
        "description": "this is description",
        "relationships": [
            {
                "related": [
                    "4f7d020a-4acf-4865-9008-dbf01cc77a7f"
                ]
            },
            {
                "nodes": [
                    "f5ef28ac-add0-4a87-9d12-474ba9cd330b",
                    "9b77ffd8-5b4d-42aa-b533-35c18ce3b95f",
                    "65132498-6429-4169-805c-2912c007c142",
                    "1ab520f4-1fa8-4c27-9709-cfa337d4b757",
                    "0f245916-ee06-4f7b-b20b-75d64794b6b5",
                    "9c1f6516-90a5-4e45-adee-800e432b24f9",
                    "f925b009-5a77-4e76-a95a-04574067ccfd",
                    "f25a7972-d278-4cb5-9529-d9bbaea8e1da"
                ]
            }
        ]
    },
    "f5ef28ac-add0-4a87-9d12-474ba9cd330b": {
        "name": "Services",
        "description": "this is description",
        "relationships": []
    },
    "9b77ffd8-5b4d-42aa-b533-35c18ce3b95f": {
        "name": "G&A",
        "description": "this is description",
        "relationships": []
    },
    "65132498-6429-4169-805c-2912c007c142": {
        "name": "Tech Support",
        "description": "this is description",
        "relationships": []
    },
    "9c1f6516-90a5-4e45-adee-800e432b24f9": {
        "name": "R&D",
        "description": "this is description",
        "relationships": []
    },
    "e111b2fc-67df-42aa-af00-804b350cf4da": {
        "name": "HR",
        "description": "this is description",
        "relationships": []
    },
    "92b0db53-5945-4f1f-abdc-1d794b342e6f": {
        "name": "Accural",
        "description": "this is description",
        "relationships": []
    },
    "6ad80d2d-9bdf-4d40-bf24-67541bcb6d64": {
        "name": "Cash",
        "description": "this is description",
        "relationships": []
    },
    "8150f2ad-caba-4495-b914-d7f2665a95b6": {
        "name": "KPI",
        "description": "this is description",
        "relationships": [
            {
                "nodes": [
                    "65bf9891-5e35-4541-8a62-d089ec7c969a",
                    "ed3545e4-9b92-48b0-a75e-37b64b0dbb8d",
                    "d516b2ad-ee8d-4715-a844-2ca8dcb12f62",
                    "5b0d3356-6662-47df-a80d-d203413efbfc",
                    "3c831503-1ea5-4ac3-9767-598e4b15479e",
                    "7d7e552f-3436-4e42-b7dc-78ccadaf4926",
                    "85e197f7-9841-4f9d-b060-29440b3d3f63",
                    "3b2a70b9-a048-4c8c-bfce-ae4bd59d9fee",
                    "1f5d56ff-8f95-4fda-9f95-351f3c030b2b",
                    "045d645a-ea2d-4421-80c3-7cb63773ad8e",
                    "5464d9c2-cc86-4836-8de6-ad9b23b04458",
                    "6d157bb6-6668-4195-97c0-5bf1dd2f6ddd",
                    "fd2948f5-d486-443e-bd5c-c54d9dc49fd6",
                    "ff6da1dc-85c1-4abb-bbb6-407b20b9d27d",
                    "e05938f3-48f1-4e72-a17a-0d5001ef6d54",
                    "bfd5eda2-11b0-442a-b1ba-45b48be82b55",
                    "1450cafe-c0d6-4b8d-9b7d-e30a679330b7",
                    "666244b6-62bd-448f-802a-c0d7050213f5",
                    "adbd4f35-4793-4531-a769-0416154cc13d",
                    "39ae108d-93ce-4efe-a35e-ecc8ea6895ae",
                    "c390a715-27dd-4bf4-b991-d5b7c2ead816",
                    "8b8b232a-7aa5-4573-94ba-70024a9c520b",
                    "a22b45cd-1ed5-48c9-972e-1d2020f08ae3",
                    "9fe8f43d-9161-451d-a59d-fda84322d02b",
                    "a34f18d9-964a-45c2-a1ab-85a7cf4405db",
                    "3ebd35c6-4602-4c8a-8153-c9578ed67a9d",
                    "ff360e4f-9ff5-4751-9d1d-8772c4a0c02e",
                    "a6fb69a1-a6ca-4b58-9c71-958f21767b89",
                    "a1b3d359-0eee-4745-bd04-4f75a7af00b3",
                    "d656ae59-1fdb-4b3c-be72-c1513d232e78",
                    "4906e456-3b59-4f57-97e7-f7bc516aefa2",
                    "3060abe3-689e-4794-962b-b513c95da7c4",
                    "6e6d0b3b-651a-41ac-a292-49987d3ade46",
                    "cb8fa084-0fbd-4156-a611-d3b548b469de",
                    "8b2f8753-5789-46ad-84a4-e96175275630",
                    "b8dbe003-5aa9-4242-a938-6a0987b7057b",
                    "1b35116c-338d-4779-86da-fb89a242c443",
                    "2cb1012e-9ff2-4c87-a083-8fd04b6c5412",
                    "6205d149-113e-448d-b5b7-f8cf697b54e6",
                    "0f466e5f-c468-45ef-89e7-48cd2420a004",
                    "6c915d9f-25ed-472e-9e8e-1bd9a033c951",
                    "a708718e-1a07-4b30-9a50-01c845246426",
                    "29b93276-6e48-4e37-9557-f8fb6ad7cdca",
                    "66ea7f93-338d-458c-9a0b-ee1c61f09a87",
                    "50e0d89d-115e-4ab0-ad85-8e9ed02400b0",
                    "1dd9454b-6e67-4979-b133-3d56f4b07b5d",
                    "b82c77e8-c222-44d5-909a-b7cc00d2cd0f",
                    "36d82269-2f23-44c9-8b14-4b8f0b867943",
                    "c3943000-2cf5-491e-b12d-37a5adecda36",
                    "69ec115b-8c06-41f2-b4e0-6ce00bd9f938",
                    "82aa9d23-4db4-4b85-bc51-5fb950662b11",
                    "6e3ee739-4f94-4a9d-a84f-56240757d3d6",
                    "53fce7f7-db02-4f8e-a502-2e467c3ca482",
                    "b25554b1-045c-48f8-91be-f9b368d02762",
                    "dcd10ed1-ee0d-486f-bfd5-5baa361c35a8",
                    "edaa6101-1d26-4ec9-898e-aa1b9ae4f01b"
                ]
            }
        ]
    },
    "65bf9891-5e35-4541-8a62-d089ec7c969a": {
        "name": "Total Revenue ($)",
        "description": "this is description",
        "relationships": []
    },
    "ed3545e4-9b92-48b0-a75e-37b64b0dbb8d": {
        "name": "COGS Total ($)",
        "description": "this is description",
        "relationships": []
    },
    "d516b2ad-ee8d-4715-a844-2ca8dcb12f62": {
        "name": "Cash In Bank ($)",
        "description": "this is description",
        "relationships": []
    },
    "5b0d3356-6662-47df-a80d-d203413efbfc": {
        "name": "Bookings Total ($)",
        "description": "this is description",
        "relationships": []
    },
    "3c831503-1ea5-4ac3-9767-598e4b15479e": {
        "name": "CAC Total ($)",
        "description": "this is description",
        "relationships": []
    },
    "7d7e552f-3436-4e42-b7dc-78ccadaf4926": {
        "name": "Cash Burn Gross [=Breakeven] ($)",
        "description": "this is description",
        "relationships": []
    },
    "85e197f7-9841-4f9d-b060-29440b3d3f63": {
        "name": "GA Total ($)",
        "description": "this is description",
        "relationships": []
    },
    "3b2a70b9-a048-4c8c-bfce-ae4bd59d9fee": {
        "name": "RD Total ($)",
        "description": "this is description",
        "relationships": []
    },
    "1f5d56ff-8f95-4fda-9f95-351f3c030b2b": {
        "name": "Cash Burn Net ($)",
        "description": "this is description",
        "relationships": []
    },
    "045d645a-ea2d-4421-80c3-7cb63773ad8e": {
        "name": "Cash Position Net ($)",
        "description": "this is description",
        "relationships": []
    },
    "5464d9c2-cc86-4836-8de6-ad9b23b04458": {
        "name": "Churn Total (%)",
        "description": "this is description",
        "relationships": []
    },
    "6d157bb6-6668-4195-97c0-5bf1dd2f6ddd": {
        "name": "COGS Maintenance ($)",
        "description": "this is description",
        "relationships": []
    },
    "fd2948f5-d486-443e-bd5c-c54d9dc49fd6": {
        "name": "COGS Management ($)",
        "description": "this is description",
        "relationships": []
    },
    "ff6da1dc-85c1-4abb-bbb6-407b20b9d27d": {
        "name": "Conversion Units Total (#)",
        "description": "this is description",
        "relationships": []
    },
    "e05938f3-48f1-4e72-a17a-0d5001ef6d54": {
        "name": "Current Assets Total ($)",
        "description": "this is description",
        "relationships": []
    },
    "bfd5eda2-11b0-442a-b1ba-45b48be82b55": {
        "name": "Current Liabilities Total ($)",
        "description": "this is description",
        "relationships": []
    },
    "1450cafe-c0d6-4b8d-9b7d-e30a679330b7": {
        "name": "EBITDA Total ($)",
        "description": "this is description",
        "relationships": []
    },
    "666244b6-62bd-448f-802a-c0d7050213f5": {
        "name": "EBT Total ($)",
        "description": "this is description",
        "relationships": []
    },
    "adbd4f35-4793-4531-a769-0416154cc13d": {
        "name": "Equity Total ($)",
        "description": "this is description",
        "relationships": []
    },
    "39ae108d-93ce-4efe-a35e-ecc8ea6895ae": {
        "name": "Fixed Costs ($)",
        "description": "this is description",
        "relationships": []
    },
    "c390a715-27dd-4bf4-b991-d5b7c2ead816": {
        "name": "Fixed Revenue ($)",
        "description": "this is description",
        "relationships": []
    },
    "8b8b232a-7aa5-4573-94ba-70024a9c520b": {
        "name": "Funding Total ($)",
        "description": "this is description",
        "relationships": []
    },
    "a22b45cd-1ed5-48c9-972e-1d2020f08ae3": {
        "name": "GP Total ($)",
        "description": "this is description",
        "relationships": []
    },
    "9fe8f43d-9161-451d-a59d-fda84322d02b": {
        "name": "Long Term Assets Total ($)",
        "description": "this is description",
        "relationships": []
    },
    "a34f18d9-964a-45c2-a1ab-85a7cf4405db": {
        "name": "Long Term Liabilities Total ($)",
        "description": "this is description",
        "relationships": []
    },
    "3ebd35c6-4602-4c8a-8153-c9578ed67a9d": {
        "name": "LTV Total ($)",
        "description": "this is description",
        "relationships": []
    },
    "ff360e4f-9ff5-4751-9d1d-8772c4a0c02e": {
        "name": "New Hires Total (#)",
        "description": "this is description",
        "relationships": []
    },
    "a6fb69a1-a6ca-4b58-9c71-958f21767b89": {
        "name": "New Leads Total (#)",
        "description": "this is description",
        "relationships": []
    },
    "a1b3d359-0eee-4745-bd04-4f75a7af00b3": {
        "name": "New Units Total (#)",
        "description": "this is description",
        "relationships": []
    },
    "d656ae59-1fdb-4b3c-be72-c1513d232e78": {
        "name": "NI Total ($)",
        "description": "this is description",
        "relationships": []
    },
    "4906e456-3b59-4f57-97e7-f7bc516aefa2": {
        "name": "NOI Total ($)",
        "description": "this is description",
        "relationships": []
    },
    "3060abe3-689e-4794-962b-b513c95da7c4": {
        "name": "OPEX Total ($)",
        "description": "this is description",
        "relationships": []
    },
    "6e6d0b3b-651a-41ac-a292-49987d3ade46": {
        "name": "People Cost Total ($)",
        "description": "this is description",
        "relationships": []
    },
    "cb8fa084-0fbd-4156-a611-d3b548b469de": {
        "name": "People Count COGS (#)",
        "description": "this is description",
        "relationships": []
    },
    "8b2f8753-5789-46ad-84a4-e96175275630": {
        "name": "People Count GA (#)",
        "description": "this is description",
        "relationships": []
    },
    "b8dbe003-5aa9-4242-a938-6a0987b7057b": {
        "name": "People Count RD (#)",
        "description": "this is description",
        "relationships": []
    },
    "1b35116c-338d-4779-86da-fb89a242c443": {
        "name": "People Count SM (#)",
        "description": "this is description",
        "relationships": []
    },
    "2cb1012e-9ff2-4c87-a083-8fd04b6c5412": {
        "name": "People Count Total (#)",
        "description": "this is description",
        "relationships": []
    },
    "6205d149-113e-448d-b5b7-f8cf697b54e6": {
        "name": "Rev ARR ($)",
        "description": "this is description",
        "relationships": []
    },
    "0f466e5f-c468-45ef-89e7-48cd2420a004": {
        "name": "Rev Growth (%)",
        "description": "this is description",
        "relationships": []
    },
    "6c915d9f-25ed-472e-9e8e-1bd9a033c951": {
        "name": "Rev MoM Growth (%)",
        "description": "this is description",
        "relationships": []
    },
    "a708718e-1a07-4b30-9a50-01c845246426": {
        "name": "Rev Non Recurring ($)",
        "description": "this is description",
        "relationships": []
    },
    "29b93276-6e48-4e37-9557-f8fb6ad7cdca": {
        "name": "Rev Recurring ($)",
        "description": "this is description",
        "relationships": []
    },
    "66ea7f93-338d-458c-9a0b-ee1c61f09a87": {
        "name": "Rev Total ($)",
        "description": "this is description",
        "relationships": []
    },
    "50e0d89d-115e-4ab0-ad85-8e9ed02400b0": {
        "name": "Rev YoY Growth (%)",
        "description": "this is description",
        "relationships": []
    },
    "1dd9454b-6e67-4979-b133-3d56f4b07b5d": {
        "name": "SM Total ($)",
        "description": "this is description",
        "relationships": []
    },
    "b82c77e8-c222-44d5-909a-b7cc00d2cd0f": {
        "name": "Transition Units Total (#)",
        "description": "this is description",
        "relationships": []
    },
    "36d82269-2f23-44c9-8b14-4b8f0b867943": {
        "name": "Units Total (#)",
        "description": "this is description",
        "relationships": []
    },
    "c3943000-2cf5-491e-b12d-37a5adecda36": {
        "name": "Users Total (#)",
        "description": "this is description",
        "relationships": []
    },
    "69ec115b-8c06-41f2-b4e0-6ce00bd9f938": {
        "name": "Variable Costs ($)",
        "description": "this is description",
        "relationships": []
    },
    "6e3ee739-4f94-4a9d-a84f-56240757d3d6": {
        "name": "Revenue per Avg FTE ($000)",
        "description": "this is description",
        "relationships": []
    },
    "53fce7f7-db02-4f8e-a502-2e467c3ca482": {
        "name": "Total OpEx / Headcount ($000)",
        "description": "this is description",
        "relationships": []
    },
    "b25554b1-045c-48f8-91be-f9b368d02762": {
        "name": "Wages & Taxes / Headcount ($000)",
        "description": "this is description",
        "relationships": []
    },
    "dcd10ed1-ee0d-486f-bfd5-5baa361c35a8": {
        "name": "Wages & Taxes as % of Revenue",
        "description": "this is description",
        "relationships": []
    },
    "edaa6101-1d26-4ec9-898e-aa1b9ae4f01b": {
        "name": "Commissions as % of Revenue",
        "description": "this is description",
        "relationships": []
    },
    "72c55807-c695-4868-81bc-b08c850b7d4a": {
        "name": "Control",
        "description": "this is description",
        "relationships": [
            {
                "nodes": [
                    "476317db-3697-4fe0-aa7f-b081ec7ff7eb",
                    "4a3e3d65-281b-4110-b69d-25b30227044e",
                    "1ccbf5e7-8945-4345-b230-640fdd09d0b7",
                    "1522ab1a-c398-4931-934a-468e7ee14c01",
                    "af7b5504-c90c-4f81-b7d9-89b980d1825b",
                    "f364f5b3-f479-461c-ac32-b3f3d838d7be",
                    "e123d355-5bfc-4710-a1a3-e4e3c9a9c510",
                    "206b1471-e5e0-4e4c-af01-3a4bad1ba6b6",
                    "d2637e4f-e0fb-4a32-b911-25702be3ec67",
                    "200b57ef-5f45-40b0-81d6-c5e900f21130",
                    "b66b3894-6090-40a9-8b70-9d046f573296",
                    "3e138b76-9730-4d3b-b730-b2d75dc107de",
                    "79551f4a-0a77-4472-9f1c-a74bbb65a996",
                    "728cf5e1-61e5-4308-9a6c-5a99ebf19141",
                    "542c4742-a01e-40d8-937b-18c929fbdefb",
                    "8c0dc40e-17d6-48bd-a336-aa5c2e1f7c6a",
                    "d5760b62-b494-41c3-bb16-d3d691ce9cb9",
                    "76fe4acc-bcb5-4d85-b76a-d953c771f56a",
                    "394856e6-f943-41ea-bb8b-93e14f039f81",
                    "f52dc837-0d6d-4d11-ba09-f9365befc0a4",
                    "4f53a1af-8fc3-41d7-8d99-2f5c9b117ef4",
                    "76b96130-62ac-4dc7-9524-7fef0c120989",
                    "2315c841-50d2-4aa4-9d6e-5e6c7fce21f2",
                    "65e0d865-26d2-45ec-80bc-adb883a3c086"
                ]
            }
        ]
    },
    "476317db-3697-4fe0-aa7f-b081ec7ff7eb": {
        "name": "1 - Assets - Current",
        "description": "this is description",
        "relationships": []
    },
    "4a3e3d65-281b-4110-b69d-25b30227044e": {
        "name": "1 - Assets - Current - Change in CA",
        "description": "this is description",
        "relationships": []
    },
    "1ccbf5e7-8945-4345-b230-640fdd09d0b7": {
        "name": "1 - Assets - Long Term",
        "description": "this is description",
        "relationships": []
    },
    "1522ab1a-c398-4931-934a-468e7ee14c01": {
        "name": "1 - Assets - Long Term - Change in LTA",
        "description": "this is description",
        "relationships": []
    },
    "af7b5504-c90c-4f81-b7d9-89b980d1825b": {
        "name": "2 - Liabilities - Current",
        "description": "this is description",
        "relationships": []
    },
    "f364f5b3-f479-461c-ac32-b3f3d838d7be": {
        "name": "2 - Liabilities - Current - Change in CL",
        "description": "this is description",
        "relationships": []
    },
    "e123d355-5bfc-4710-a1a3-e4e3c9a9c510": {
        "name": "2 - Liabilities - Long Term",
        "description": "this is description",
        "relationships": []
    },
    "206b1471-e5e0-4e4c-af01-3a4bad1ba6b6": {
        "name": "2 - Liabilities - Long Term - Change in LTL",
        "description": "this is description",
        "relationships": []
    },
    "d2637e4f-e0fb-4a32-b911-25702be3ec67": {
        "name": "3 - Equity",
        "description": "this is description",
        "relationships": []
    },
    "200b57ef-5f45-40b0-81d6-c5e900f21130": {
        "name": "3 - Equity - Change in Equity",
        "description": "this is description",
        "relationships": []
    },
    "b66b3894-6090-40a9-8b70-9d046f573296": {
        "name": "4 - ASP",
        "description": "this is description",
        "relationships": []
    },
    "3e138b76-9730-4d3b-b730-b2d75dc107de": {
        "name": "4 - Booking",
        "description": "this is description",
        "relationships": []
    },
    "79551f4a-0a77-4472-9f1c-a74bbb65a996": {
        "name": "4 - Collections",
        "description": "this is description",
        "relationships": []
    },
    "728cf5e1-61e5-4308-9a6c-5a99ebf19141": {
        "name": "4 - Invoicing",
        "description": "this is description",
        "relationships": []
    },
    "542c4742-a01e-40d8-937b-18c929fbdefb": {
        "name": "4 - Revenue",
        "description": "this is description",
        "relationships": []
    },
    "8c0dc40e-17d6-48bd-a336-aa5c2e1f7c6a": {
        "name": "4 - Units",
        "description": "this is description",
        "relationships": []
    },
    "d5760b62-b494-41c3-bb16-d3d691ce9cb9": {
        "name": "5 - COGS",
        "description": "this is description",
        "relationships": []
    },
    "76fe4acc-bcb5-4d85-b76a-d953c771f56a": {
        "name": "6 - OPEX",
        "description": "this is description",
        "relationships": []
    },
    "394856e6-f943-41ea-bb8b-93e14f039f81": {
        "name": "7 - Non Op Income",
        "description": "this is description",
        "relationships": []
    },
    "f52dc837-0d6d-4d11-ba09-f9365befc0a4": {
        "name": "8 - Non Op Expense",
        "description": "this is description",
        "relationships": []
    },
    "4f53a1af-8fc3-41d7-8d99-2f5c9b117ef4": {
        "name": "9 - Tax",
        "description": "this is description",
        "relationships": []
    },
    "76b96130-62ac-4dc7-9524-7fef0c120989": {
        "name": "C - Capex",
        "description": "this is description",
        "relationships": []
    },
    "2315c841-50d2-4aa4-9d6e-5e6c7fce21f2": {
        "name": "F - Funding",
        "description": "this is description",
        "relationships": []
    },
    "65e0d865-26d2-45ec-80bc-adb883a3c086": {
        "name": "H - Headcount",
        "description": "this is description",
        "relationships": []
    },
    "26d8d2b9-c3f4-4484-8351-392359d157f3": {
        "name": "Functions",
        "description": "this is description",
        "relationships": [
            {
                "nodes": [
                    "9c1f6516-90a5-4e45-adee-800e432b24f9",
                    "f925b009-5a77-4e76-a95a-04574067ccfd",
                    "f25a7972-d278-4cb5-9529-d9bbaea8e1da",
                    "f5ef28ac-add0-4a87-9d12-474ba9cd330b",
                    "9b77ffd8-5b4d-42aa-b533-35c18ce3b95f",
                    "65132498-6429-4169-805c-2912c007c142",
                    "1ab520f4-1fa8-4c27-9709-cfa337d4b757",
                    "0f245916-ee06-4f7b-b20b-75d64794b6b5"
                ]
            }
        ]
    },
    "95b5c197-a12e-4403-9639-eba39ddf111c": {
        "name": "Divisions",
        "description": "this is description",
        "relationships": [
            {
                "nodes": [
                    "2e63b933-5cdb-4f96-9829-64c51d1903f7",
                    "6468db93-48a2-46b6-bfd2-eec9175451f7",
                    "26031fd8-a6a4-4ed0-baec-6b16dbbb7c66"
                ]
            }
        ]
    },
    "2e63b933-5cdb-4f96-9829-64c51d1903f7": {
        "name": "Division 1",
        "description": "this is description",
        "relationships": []
    },
    "6468db93-48a2-46b6-bfd2-eec9175451f7": {
        "name": "Division 2",
        "description": "this is description",
        "relationships": []
    },
    "26031fd8-a6a4-4ed0-baec-6b16dbbb7c66": {
        "name": "Division 3",
        "description": "this is description",
        "relationships": []
    },
    "d8d38308-7c56-4cfa-876d-3c22c6e73ced": {
        "name": "Currency",
        "description": "this is description",
        "relationships": [
            {
                "nodes": [
                    "1ee12fd4-8045-416d-b410-4e5e5d171430",
                    "29b15efb-d76f-4fc3-806f-16e09c145c98",
                    "b1c4dc72-7bb0-4915-aa85-d89e817423dd"
                ]
            }
        ]
    },
    "1ee12fd4-8045-416d-b410-4e5e5d171430": {
        "name": "usd",
        "description": "this is description",
        "relationships": []
    },
    "29b15efb-d76f-4fc3-806f-16e09c145c98": {
        "name": "euro",
        "description": "this is description",
        "relationships": []
    },
    "b1c4dc72-7bb0-4915-aa85-d89e817423dd": {
        "name": "cad",
        "description": "this is description",
        "relationships": []
    },
    "6bbd98a5-e523-428a-b729-491f1103595c": {
        "name": "Departments",
        "description": "this is description",
        "relationships": [
            {
                "nodes": [
                    "c468f7d1-5568-4484-818a-103b3a4b1ca9",
                    "c4a8c3c5-991a-4f1b-ac9c-43c5a435945e",
                    "92bc8cf8-5a4f-4283-b166-d8eab4f46fd5"
                ]
            }
        ]
    },
    "c468f7d1-5568-4484-818a-103b3a4b1ca9": {
        "name": "Department 1",
        "description": "this is description",
        "relationships": []
    },
    "c4a8c3c5-991a-4f1b-ac9c-43c5a435945e": {
        "name": "Department 2",
        "description": "this is description",
        "relationships": []
    },
    "92bc8cf8-5a4f-4283-b166-d8eab4f46fd5": {
        "name": "Department 3",
        "description": "this is description",
        "relationships": []
    },
    "ec90dbc8-0b46-400e-a180-3f17464474ce": {
        "name": "Projects",
        "description": "this is description",
        "relationships": [
            {
                "nodes": [
                    "de991a31-1ba4-4c8b-9ce4-e26f6a389404",
                    "474ed388-851b-4b04-99bf-cf09fc24e24f",
                    "85a74039-dbe3-4ec3-86cd-273430419855"
                ]
            }
        ]
    },
    "de991a31-1ba4-4c8b-9ce4-e26f6a389404": {
        "name": "Project 1",
        "description": "this is description",
        "relationships": []
    },
    "474ed388-851b-4b04-99bf-cf09fc24e24f": {
        "name": "Project 2",
        "description": "this is description",
        "relationships": []
    },
    "85a74039-dbe3-4ec3-86cd-273430419855": {
        "name": "Project 3",
        "description": "this is description",
        "relationships": []
    },
    "7b60ca30-0eb3-47c7-8007-4787730a92e9": {
        "name": "Locations",
        "description": "this is description",
        "relationships": []
    },
    "92514e3c-d67f-4186-a297-041dc451332d": {
        "name": "Offices",
        "description": "this is description",
        "relationships": []
    },
    "fb272c2d-adf0-47dd-995a-e5d5c8459e86": {
        "name": "Fixed",
        "description": "this is description",
        "relationships": [
            {
                "nodes": [
                    "3a429f04-f0ba-47e5-9a16-ad62d11c4082",
                    "c390a715-27dd-4bf4-b991-d5b7c2ead816"
                ]
            }
        ]
    },
    "3a429f04-f0ba-47e5-9a16-ad62d11c4082": {
        "name": "Fixed Cost ($)",
        "description": "this is description",
        "relationships": []
    },
    "d7975b35-c59a-46f3-8cd4-fbefd01fcdb8": {
        "name": "Gross Profit",
        "description": "this is description",
        "relationships": []
    },
    "95f74ae5-2e8e-46e2-87d5-78199de0c914": {
        "name": "EBITA ex CAP",
        "description": "this is description",
        "relationships": []
    }
}