{
    "3ffdc82a-132f-48d9-9d30-3e1053b04a1e": {
        "name": "Account Executive",
        "description": "this object holds informaiton about the account executive who manage relationships between acccounts",
        "relationships": [
            {
                "relationship1": [
                    "bdc9a05c-82d2-49e3-9f9c-72fb1464e0da",
                    "f925b009-5a77-4e76-a95a-04574067ccfd"
                ]
            },
            {
                "relationship5": [
                    "e2246980-3997-48c7-81a1-9c11a41650e8"
                ]
            },
            {
                "relationship3": [
                    "82aa9d23-4db4-4b85-bc51-5fb950662b11"
                ]
            }
        ]
    },
    "bdc9a05c-82d2-49e3-9f9c-72fb1464e0da": {
        "name": "Region",
        "description": "this object holds information about regional and districts that the company operate",
        "relationships": [
            {
                "relationship1": [
                    "82aa9d23-4db4-4b85-bc51-5fb950662b11"
                ]
            }
        ]
    },
    "f925b009-5a77-4e76-a95a-04574067ccfd": {
        "name": "Invoice",
        "description": "this objects holds information about the invoicing data to specific customer",
        "relationships": []
    },
    "e2246980-3997-48c7-81a1-9c11a41650e8": {
        "name": "Customer",
        "description": "this objects holds information about the customer",
        "relationships": []
    },
    "82aa9d23-4db4-4b85-bc51-5fb950662b11": {
        "name": "SKU",
        "description": "this objects holds information about the SKUs that this company is selling",
        "relationships": [
            {
                "relationship1": [
                    "82aa9d23-4db4-4b85-bc51-5fb240662b11"
                ]
            }
        ]
    },
    "82aa9d23-4db4-4b85-bc51-5fb240662b11": {
        "name": "Support",
        "description": "this objects holds information about the support for selling a product",
        "relationships": []
    }
}